"post_author","post_date","post_content","post_title","post_status","post_name","post_type","identifier","class","definition","description","project","label","refines","status","date_issued","date_modified","version"
"kenny","2016-04-10",,"Observation","publish","Observation","ethocore_term","http://ethoinformatics.org/ethocore/Observation",,"Details about the nature, context, state, or activity of a subject.","The observation closely resembles the Darwin Core class MeasurementOrFact. In EthoCore, observations are restricted to observations about resources. Examples: An observed foraging event. An observed proximity episode. The occupancy of a location by a species.","Ethogrammar","Observation","http://rs.tdwg.org/dwc/terms/MeasurementOrFact","recommended","2016-04-10","2016-04-10","Observation-2016-04-10"
"kenny","2016-04-10","In the case of climatological data, the rdfs:Resource could be (or should be) the site. I.e., ""the daily rainfall of [site] equals x mm"". Best practice is therefore for all projects to create a ""site"" resource (and in the app this should be part of the initial app configuration process).","Measurement","publish","Measurement","ethocore_term","http://ethoinformatics.org/ethocore/Measurement",,"A metric measurement of a subject.","The measurement closely resembles the Darwin Core class MeasurementOrFact. In EthoCore, measurements are restricted to metric measurements, whether other assertions are consider observations.","Ethogrammar","Measurement","http://rs.tdwg.org/dwc/terms/MeasurementOrFact","recommended","2016-04-10","2016-04-10","Measurement-2016-04-10"
,,,,,,,,,,,,,,,,,
"kenny","2016-04-10","Patch is an ecological resource. Not to be confused with the concept of resources (such as documents or tables).","Patch","publish","Patch","ethocore_term","http://ethoinformatics.org/ethocore/Patch",,"A feature of the environment, living or otherwise, that provides nourishment, protection, or other benefit to the survival of animals or the persistence of species.","Examples: A fruiting tree. A sleeping site. A water hole. A mineral lick.","Ethogrammar","Patch","http://rs.tdwg.org/dwc/terms/Organism","recommended","2016-04-10","2016-04-10","Patch-2016-04-10"
"kenny","2016-04-10",,"MaterialSample","publish","MaterialSample","ethocore_term","http://rs.tdwg.org/dwc/terms/MaterialSample",,"A physical result of a sampling (or subsampling) event. In biological collections, the material sample is typically collected, and either preserved or destructively processed.","Examples: A whole organism preserved in a collection. A part of an organism isolated for some purpose. A soil sample. A marine microbial sample.","Darwin Core","Material Sample",,"recommended","2016-04-10","2016-04-10","MaterialSample-2016-04-10"
"kenny","2016-04-10",,"Event","publish","Event","ethocore_term","http://rs.tdwg.org/dwc/terms/Event",,"An action that occurs at some location during some time.","Examples: A specimen collection process. A machine observation.","Darwin Core","Event",,"recommended","2016-04-10","2016-04-10","Event-2016-04-10"
"kenny","2016-04-10",,"Activity","publish","Activity","ethocore_term","http://ethoinformatics.org/ethocore/Activity",,"An activity state scheduled or performed by an observer.","Example: Recording behavior. Driving to camp. Conducting experiment.","Ethogrammar","Activity",,"recommended","2016-04-10","2016-04-10","Activity-2016-04-10"
"kenny","2016-04-10",,"Location","publish","Location","ethocore_term","http://rs.tdwg.org/dwc/terms/Location",,"A spatial region or named place.",,"Darwin Core","Location",,"recommended","2016-04-10","2016-04-10","Location-2016-04-10"
"kenny","2016-04-10",,"Identification","publish","Identification","ethocore_term","http://rs.tdwg.org/dwc/terms/Identification",,"A taxonomic determination (e.g., the assignment to a taxon).","Example: A subspecies determination of an organism.","Darwin Core","Identification",,"recommended","2016-04-10","2016-04-10","Identification-2016-04-10"
"kenny","2016-04-10",,"Taxon","publish","Taxon","ethocore_term","http://rs.tdwg.org/dwc/terms/Taxon",,"A group of organisms (sensu http://purl.obolibrary.org/obo/OBI_0100026) considered by taxonomists to form a homogeneous unit.","Example: The genus Truncorotaloides as published by Brönnimann et al. in 1953 in the Journal of Paleontology Vol. 27(6) p. 817-820.","Darwin Core","Taxon",,"recommended","2016-04-10","2016-04-10","Taxon-2016-04-10"
"kenny","2016-04-10",,"ResourceRelationship","publish","ResourceRelationship","ethocore_term","http://rs.tdwg.org/dwc/terms/ResourceRelationship",,"A relationship of one rdfs:Resource (http://www.w3.org/2000/01/rdf-schema#Resource) to another.","Resources can be thought of as identifiable records or instances of classes and may include, but need not be limited to Occurrences, Organisms, MaterialSamples, Events, Locations, GeologicalContexts, Identifications, or Taxa. Example: An instance of an Organism is the mother of another instance of an Organism.","Darwin Core","Resource Relationship",,"recommended","2016-04-10","2016-04-10","ResourceRelationship-2016-04-10"
"kenny","2016-04-10",,"type","publish","type","ethocore_term","http://purl.org/dc/terms/type","RecordLevel","The nature or genre of the resource. For EthoCore, recommended best practice is to use the controlled vocabulary specified in Ethogrammar Document Types.","Examples: ""StillImage"", ""MovingImage"", ""Sound"", ""PhysicalObject"", ""Event"", ""Text"".","Darwin Core","Type",,"recommended","2016-04-10","2016-04-10","type-2016-04-10"
"kenny","2016-04-10",,"modified","publish","modified","ethocore_term","http://purl.org/dc/terms/modified","RecordLevel","The most recent date-time on which the resource was changed.","Examples: ""1963-03-08T14:07-0600"" is 8 Mar 1963 2:07pm in the time zone six hours earlier than UTC, ""2009-02-20T08:40Z"" is 20 Feb 2009 8:40am UTC, ""1809-02-12"" is 12 Feb 1809, ""1906-06"" is Jun 1906, ""1971"" is just that year, ""2007-03-01T13:00:00Z/2008-05-11T15:30:00Z"" is the interval between 1 Mar 2007 1pm UTC and 11 May 2008 3:30pm UTC, ""2007-11-13/15"" is the interval between 13 Nov 2007 and 15 Nov 2007.","Darwin Core","Modified",,"recommended","2016-04-10","2016-04-10","modified-2016-04-10"
"kenny","2016-04-10",,"language","publish","language","ethocore_term","http://purl.org/dc/terms/language","RecordLevel","A language of the resource. Recommended best practice is to use a controlled vocabulary such as RFC 4646 [RFC4646].","Examples: ""en"" for English, ""es"" for Spanish.","Darwin Core","Language",,"recommended","2016-04-10","2016-04-10","language-2016-04-10"
"kenny","2016-04-10",,"license","publish","license","ethocore_term","http://purl.org/dc/terms/license","RecordLevel","A legal document giving official permission to do something with the resource.","Examples: ""http://creativecommons.org/publicdomain/zero/1.0/legalcode"", ""http://creativecommons.org/licenses/by/4.0/legalcode"".","Darwin Core","License",,"recommended","2016-04-10","2016-04-10","license-2016-04-10"
"kenny","2016-04-10",,"rightsHolder","publish","rightsHolder","ethocore_term","http://purl.org/dc/terms/rightsHolder","RecordLevel","A person or organization owning or managing rights over the resource.","Example: ""The Regents of the University of California."".","Darwin Core","Rights Holder",,"recommended","2016-04-10","2016-04-10","rightsHolder-2016-04-10"
"kenny","2016-04-10",,"accessRights","publish","accessRights","ethocore_term","http://purl.org/dc/terms/accessRights","RecordLevel","Information about who can access the resource or an indication of its security status. Access Rights may include information regarding access or restrictions based on privacy, security, or other policies.","Example: ""not-for-profit use only"".","Darwin Core","Access Rights",,"recommended","2016-04-10","2016-04-10","accessRights-2016-04-10"
"kenny","2016-04-10",,"bibliographicCitation","publish","bibliographicCitation","ethocore_term","http://purl.org/dc/terms/bibliographicCitation","RecordLevel","A bibliographic reference for the resource as a statement indicating how this record should be cited (attributed) when used. Recommended practice is to include sufficient bibliographic detail to identify the resource as unambiguously as possible.","Examples: ""Ctenomys sociabilis (MVZ 165861)"" for a specimen, ""Oliver P. Pearson. 1985. Los tuco-tucos (genera Ctenomys) de los Parques Nacionales Lanin y Nahuel Huapi, Argentina Historia Natural, 5(37):337-343."" for a Taxon.","Darwin Core","Bibliographic Citation",,"recommended","2016-04-10","2016-04-10","bibliographicCitation-2016-04-10"
"kenny","2016-04-10",,"references","publish","references","ethocore_term","http://purl.org/dc/terms/references","RecordLevel","A related resource that is referenced, cited, or otherwise pointed to by the described resource.","Examples: ""http://mvzarctos.berkeley.edu/guid/MVZ:Mamm:165861""; ""http://www.catalogueoflife.org/annual-checklist/show_species_details.php?record_id=6197868"".","Darwin Core","References",,"recommended","2016-04-10","2016-04-10","references-2016-04-10"
"kenny","2016-04-10",,"institutionID","publish","institutionID","ethocore_term","http://rs.tdwg.org/dwc/terms/institutionID","RecordLevel","An identifier for the institution having custody of the object(s) or information referred to in the record.","For physical specimens, the recommended best practice is to use an identifier from a collections registry such as the Global Registry of Biodiversity Repositories (http://grbio.org/). Examples: ""http://biocol.org/urn:lsid:biocol.org:col:34777"", ""http://grbio.org/cool/km06-gtbn). Examples: ""http://biocol.org/urn:lsid:biocol.org:col:34777"", ""http://grbio.org/cool/km06-gtbn"".","Darwin Core","Institution ID",,"recommended","2016-04-10","2016-04-10","institutionID-2016-04-10"
"kenny","2016-04-10",,"collectionID","publish","collectionID","ethocore_term","http://rs.tdwg.org/dwc/terms/collectionID","RecordLevel","An identifier for the collection or dataset from which the record was derived.","For physical specimens, the recommended best practice is to use an identifier from a collections registry such as the Global Registry of Biodiversity Repositories (http://grbio.org/). Examples: ""http://biocol.org/urn:lsid:biocol.org:col:1001"", ""http://grbio.org/cool/p5fp-c036). Examples: ""http://biocol.org/urn:lsid:biocol.org:col:1001"", ""http://grbio.org/cool/p5fp-c036"".","Darwin Core","Collection ID",,"recommended","2016-04-10","2016-04-10","collectionID-2016-04-10"
"kenny","2016-04-10",,"datasetID","publish","datasetID","ethocore_term","http://rs.tdwg.org/dwc/terms/datasetID","RecordLevel","An identifier for the set of data. May be a global unique identifier or an identifier specific to a collection or institution.",,"Darwin Core","Dataset ID",,"recommended","2016-04-10","2016-04-10","datasetID-2016-04-10"
"kenny","2016-04-10",,"institutionCode","publish","institutionCode","ethocore_term","http://rs.tdwg.org/dwc/terms/institutionCode","RecordLevel","The name (or acronym) in use by the institution having custody of the object(s) or information referred to in the record.","Examples: ""MVZ"", ""FMNH"", ""AKN-CLO"", ""University of California Museum of Paleontology (UCMP)"".","Darwin Core","Institution Code",,"recommended","2016-04-10","2016-04-10","institutionCode-2016-04-10"
"kenny","2016-04-10",,"collectionCode","publish","collectionCode","ethocore_term","http://rs.tdwg.org/dwc/terms/collectionCode","RecordLevel","The name, acronym, coden, or initialism identifying the collection or data set from which the record was derived.","Examples: ""Mammals"", ""Hildebrandt"", ""eBird"".","Darwin Core","Collection Code",,"recommended","2016-04-10","2016-04-10","collectionCode-2016-04-10"
"kenny","2016-04-10",,"datasetName","publish","datasetName","ethocore_term","http://rs.tdwg.org/dwc/terms/datasetName","RecordLevel","The name identifying the data set from which the record was derived.","Examples: ""Grinnell Resurvey Mammals"", ""Lacey Ctenomys Recaptures"".","Darwin Core","Dataset Name",,"recommended","2016-04-10","2016-04-10","datasetName-2016-04-10"
"kenny","2016-04-10",,"ownerInstitutionCode","publish","ownerInstitutionCode","ethocore_term","http://rs.tdwg.org/dwc/terms/ownerInstitutionCode","RecordLevel","The name (or acronym) in use by the institution having ownership of the object(s) or information referred to in the record.","Examples: ""NPS"", ""APN"", ""InBio"".","Darwin Core","Owner Institution Code",,"recommended","2016-04-10","2016-04-10","ownerInstitutionCode-2016-04-10"
"kenny","2016-04-10",,"basisOfRecord","publish","basisOfRecord","ethocore_term","http://rs.tdwg.org/dwc/terms/basisOfRecord","RecordLevel","The specific nature of the data record. Recommended best practice is to use a controlled vocabulary.","Recommended best practice is to use a controlled vocabulary such as the list of Darwin Core classes. Examples: ""PreservedSpecimen"", ""FossilSpecimen"", ""LivingSpecimen"", ""HumanObservation"", ""MachineObservation"".","Darwin Core","Basis of Record",,"recommended","2016-04-10","2016-04-10","basisOfRecord-2016-04-10"
"kenny","2016-04-10",,"informationWithheld","publish","informationWithheld","ethocore_term","http://rs.tdwg.org/dwc/terms/informationWithheld","RecordLevel","Additional information that exists, but that has not been shared in the given record.","Examples: ""location information not given for endangered species"", ""collector identities withheld"", ""ask about tissue samples"".","Darwin Core","Information Withheld",,"recommended","2016-04-10","2016-04-10","informationWithheld-2016-04-10"
"kenny","2016-04-10",,"dataGeneralizations","publish","dataGeneralizations","ethocore_term","http://rs.tdwg.org/dwc/terms/dataGeneralizations","RecordLevel","Actions taken to make the shared data less specific or complete than in its original form. Suggests that alternative data of higher quality may be available on request.","Example: ""Coordinates generalized from original GPS coordinates to the nearest half degree grid cell"".","Darwin Core","Data Generalizations",,"recommended","2016-04-10","2016-04-10","dataGeneralizations-2016-04-10"
"kenny","2016-04-10",,"dynamicProperties","publish","dynamicProperties","ethocore_term","http://rs.tdwg.org/dwc/terms/dynamicProperties","RecordLevel","A list of additional measurements, facts, characteristics, or assertions about the record. Meant to provide a mechanism for structured content.","The recommended best practice is to use a key:value encoding schema such as JSON. Examples: ""{""heightInMeters"":1.5}"", ""{""tragusLengthInMeters"":0.014, ""weightInGrams"":120}"", ""{""natureOfID"":""expert identification"", ""identificationEvidence"":""cytochrome B sequence""}"", ""{""relativeHumidity"":28, ""airTemperatureInCelcius"":22, ""sampleSizeInKilograms"":10}"", ""{""aspectHeading"":277, ""slopeInDegrees"":6}"", ""{""iucnStatus"":""vulnerable"", ""taxonDistribution"":""Neuquén, Argentina""}"".","Darwin Core","Dynamic Properties",,"recommended","2016-04-10","2016-04-10","dynamicProperties-2016-04-10"
,,,,,,,,,,,,,,,,,
,,,,,,,,,,,,,,,,,
,,,,,,,,,,,,,,,,,
,,,,,,,,,,,,,,,,,
,,,,,,,,,,,,,,,,,
,,,,,,,,,,,,,,,,,
,,,,,,,,,,,,,,,,,
,,,,,,,,,,,,,,,,,
"kenny","2016-04-10",,"measurementID","publish","measurementID","ethocore_term","http://ethoinformatics.org/ethocore/measurementID","Measurement","An identifier for the Measurement (information pertaining to metric measurements). May be a global unique identifier or an identifier specific to the data set.",,"Ethogrammar","Measurement ID",,"recommended","2016-04-10","2016-04-10","measurementID-2016-04-10"
"kenny","2016-04-10",,"measurementType","publish","measurementType","ethocore_term","http://ethoinformatics.org/ethocore/measurementType","Measurement","The nature of the measurement. Recommended best practice is to use a controlled vocabulary.","Examples: ""tail length"", ""temperature"", ""trap line length"", ""survey area""","Ethogrammar","Measurement Type",,"recommended","2016-04-10","2016-04-10","measurementType-2016-04-10"
"kenny","2016-04-10",,"measurementValue","publish","measurementValue","ethocore_term","http://ethoinformatics.org/ethocore/measurementValue","Measurement","The value of the measurement.","Measurement examples: ""45"", ""20"", ""1"", ""14.5"", ""UV-light"". Observation examples: ""foraging"", ""pregnant"", ""in proximity""","Ethogrammar","Measurement Value",,"recommended","2016-04-10","2016-04-10","measurementValue-2016-04-10"
"kenny","2016-04-10","In most cases, no accuracy would be recorded for observations.","measurementAccuracy","publish","measurementAccuracy","ethocore_term","http://ethoinformatics.org/ethocore/measurementAccuracy","Measurement","The description of the potential error associated with the measurementValue.","Examples: ""0.01"", ""normal distribution with variation of 2 m""","Ethogrammar","Measurement Accuracy",,"recommended","2016-04-10","2016-04-10","measurementAccuracy-2016-04-10"
"kenny","2016-04-10","In many cases, no unit would be recorded for observations, though some could include units.","measurementUnit","publish","measurementUnit","ethocore_term","http://ethoinformatics.org/ethocore/measurementUnit","Measurement","The units associated with the measurementValue. Recommended best practice is to use the International System of Units (SI).","Examples: ""mm"", ""C"", ""km"", ""ha""","Ethogrammar","Measurement Unit",,"recommended","2016-04-10","2016-04-10","measurementUnit-2016-04-10"
"kenny","2016-04-10",,"measurementDeterminedBy","publish","measurementDeterminedBy","ethocore_term","http://ethoinformatics.org/ethocore/measurementDeterminedBy","Measurement","A list (concatenated and separated) of names of people, groups, or organizations who determined the value of the Measurement.","Examples: ""Javier de la Torre"", ""Julie Woodruff; Eileen Lacey"". The recommended best practice is to separate multiple values with a vertical bar (' | ').","Ethogrammar","Measurement Determined By",,"recommended","2016-04-10","2016-04-10","measurementDeterminedBy-2016-04-10"
"kenny","2016-04-10","In most cases, no method would be recorded for observations.","measurementMethod","publish","measurementMethod","ethocore_term","http://ethoinformatics.org/ethocore/measurementMethod","Measurement","A description of or reference to (publication, URI) the method or protocol used to determine the measurement, fact, characteristic, assertion, or observation.","Examples: ""minimum convex polygon around burrow entrances"" for a home range area, ""barometric altimeter"" for an elevation","Ethogrammar","Measurement Method",,"recommended","2016-04-10","2016-04-10","measurementMethod-2016-04-10"
"kenny","2016-04-10",,"measurementInstrument","publish","measurementInstrument","ethocore_term","http://ethoinformatics.org/ethocore/measurementInstrument","Measurement","The instrument used to perform a measurement. Recommended best practice is to use a controlled vocabulary.","Examples: ""measuring tape"", ""digital thermometer"", ""1000 ml graduated cylinder"", ""spectrophotometer""","Ethogrammar","Measurement Instrument",,"recommended","2016-04-10","2016-04-10","measurementInstrument-2016-04-10"
"kenny","2016-04-10",,"measurementRemarks","publish","measurementRemarks","ethocore_term","http://ethoinformatics.org/ethocore/measurementRemarks","Measurement","Comments or notes accompanying the metric measurement.","Example: ""tip of tail missing""","Ethogrammar","Measurement Remarks",,"recommended","2016-04-10","2016-04-10","measurementRemarks-2016-04-10"
,,,,,,,,,,,,,,,,,
,,,,,,,,,,,,,,,,,
,,,,,,,,,,,,,,,,,
,,,,,,,,,,,,,,,,,
,,,,,,,,,,,,,,,,,
"kenny","2016-04-10",,"patchID","publish","patchID","ethocore_term","http://ethoinformatics.org/ethocore/patchID","Patch","An identifier for the ResearchPatch. May be a global unique identifier or an identifier specific to the data set.",,"Ethogrammar","Patch ID",,"recommended","2016-04-10","2016-04-10","patchID-2016-04-10"
"kenny","2016-04-10",,"patchName","publish","patchName","ethocore_term","http://ethoinformatics.org/ethocore/patchName","Patch","The given name for the Patch.",,"Ethogrammar","Patch Name","http://rs.tdwg.org/dwc/terms/organismName","recommended","2016-04-10","2016-04-10","patchName-2016-04-10"
"kenny","2016-04-10",,"patchType","publish","patchType","ethocore_term","http://ethoinformatics.org/ethocore/patchType","Patch","The category to which the Patch belongs. Recommended best practice is to use a controlled vocabulary.","Examples: ""tree"", ""mineral lick""","Ethogrammar","Patch Type",,"recommended","2016-04-10","2016-04-10","patchType-2016-04-10"
"kenny","2016-04-10",,"patchUse","publish","patchUse","ethocore_term","http://ethoinformatics.org/ethocore/patchUse","Patch","The primary manner in which the Patch is used by study subjects. Recommended best practice is to use a controlled vocabulary.","Examples: ""feeding"", ""sleeping""","Ethogrammar","Patch Use",,"recommended","2016-04-10","2016-04-10","patchUse-2016-04-10"
"kenny","2016-04-10",,"timeMarked","publish","timeMarked","ethocore_term","http://ethoinformatics.org/ethocore/timeMarked","Patch","The time during which a ResearchPatch was marked. Recommended best practice is to use an encoding scheme, such as ISO 8601:2004(E).",,"Ethogrammar","Time Marked",,"recommended","2016-04-10","2016-04-10","timeMarked-2016-04-10"
"kenny","2016-04-10",,"dateMarked","publish","dateMarked","ethocore_term","http://ethoinformatics.org/ethocore/dateMarked","Patch","The date during which a ResearchPatch was marked. Recommended best practice is to use an encoding scheme, such as ISO 8601:2004(E).",,"Ethogrammar","Date Marked",,"recommended","2016-04-10","2016-04-10","dateMarked-2016-04-10"
"kenny","2016-04-10",,"dateOfExpiration","publish","dateOfExpiration","ethocore_term","http://ethoinformatics.org/ethocore/dateOfExpiration","Patch","The date on which a ResearchPatch disappears, dies, or otherwise ceases to exist. Recommended best practice is to use an encoding scheme, such as ISO 8601:2004(E).",,"Ethogrammar","Date of Expiration",,"recommended","2016-04-10","2016-04-10","dateOfExpiration-2016-04-10"
"kenny","2016-04-10",,"markedBy","publish","markedBy","ethocore_term","http://ethoinformatics.org/ethocore/markedBy","Patch","A list (concatenated and separated) of names of people, groups, or organizations who marked the Patch.",,"Ethogrammar","Marked By",,"recommended","2016-04-10","2016-04-10","markedBy-2016-04-10"
"kenny","2016-04-10",,"patchRemarks","publish","patchRemarks","ethocore_term","http://ethoinformatics.org/ethocore/patchRemarks","Patch","Comments or notes about the Patch.",,"Ethogrammar","Patch Remarks","http://rs.tdwg.org/dwc/terms/organismRemarks","recommended","2016-04-10","2016-04-10","patchRemarks-2016-04-10"
"kenny","2016-04-10",,"materialSampleID","publish","materialSampleID","ethocore_term","http://rs.tdwg.org/dwc/terms/materialSampleID","MaterialSample","An identifier for the MaterialSample (as opposed to a particular digital record of the material sample). In the absence of a persistent global unique identifier, construct one from a combination of identifiers in the record that will most closely make the materialSampleID globally unique.",,"Darwin Core","Material Sample ID",,"recommended","2016-04-10","2016-04-10","materialSampleID-2016-04-10"
"kenny","2016-04-10",,"materialSampleType","publish","materialSampleType","ethocore_term","http://ethoinformatics.org/ethocore/materialSampleType","MaterialSample","The type of physical material represented by the MaterialSample. Recommended best practice is to use a controlled vocabulary.","Examples: ""feces"", ""buffy coat"", ""left upper dental cast"", ""carcass""","Ethogrammar","Material Sample Type",,"recommended","2016-04-10","2016-04-10","materialSampleType-2016-04-10"
"kenny","2016-04-10",,"materialSampleRemarks","publish","materialSampleRemarks","ethocore_term","http://ethoinformatics.org/ethocore/materialSampleRemarks","MaterialSample","Comments or notes about the MaterialSample.",,"Ethogrammar","Material Sample Remarks",,"recommended","2016-04-10","2016-04-10","materialSampleRemarks-2016-04-10"
"kenny","2016-04-10",,"eventID","publish","eventID","ethocore_term","http://rs.tdwg.org/dwc/terms/eventID","Event","An identifier for the set of information associated with an Event (something that occurs at a place and time). May be a global unique identifier or an identifier specific to the data set.",,"Darwin Core","Event ID",,"recommended","2016-04-10","2016-04-10","eventID-2016-04-10"
"kenny","2016-04-10",,"eventDate","publish","eventDate","ethocore_term","http://rs.tdwg.org/dwc/terms/eventDate","Event","The date-time or interval during which an Event occurred. For observations or activities, this is the date-time when the event was recorded. Recommended best practice is to use an encoding scheme, such as ISO 8601:2004(E).","Examples: ""1963-03-08T14:07-0600"" is 8 Mar 1963 2:07pm in the time zone six hours earlier than UTC, ""2009-02-20T08:40Z"" is 20 Feb 2009 8:40am UTC, ""1809-02-12"" is 12 Feb 1809, ""1906-06"" is Jun 1906, ""1971"" is just that year, ""2007-03-01T13:00:00Z/2008-05-11T15:30:00Z"" is the interval between 1 Mar 2007 1pm UTC and 11 May 2008 3:30pm UTC, ""2007-11-13/15"" is the interval between 13 Nov 2007 and 15 Nov 2007.","Darwin Core","Event Date",,"recommended","2016-04-10","2016-04-10","eventDate-2016-04-10"
"kenny","2016-04-10",,"eventTime","publish","eventTime","ethocore_term","http://rs.tdwg.org/dwc/terms/eventTime","Event","The time or interval during which an Event occurred. Recommended best practice is to use an encoding scheme, such as ISO 8601:2004(E).","Examples: ""14:07-0600"" is 2:07pm in the time zone six hours earlier than UTC, ""08:40:21Z"" is 8:40:21am UTC, ""13:00:00Z/15:30:00Z"" is the interval between 1pm UTC and 3:30pm UTC.","Darwin Core","Event Time",,"recommended","2016-04-10","2016-04-10","eventTime-2016-04-10"
"kenny","2016-04-10",,"samplingProtocol","publish","samplingProtocol","ethocore_term","http://rs.tdwg.org/dwc/terms/samplingProtocol","Event","The name of, reference to, or description of the method or protocol used during an Event.","Examples: ""UV light trap"", ""mist net"", ""bottom trawl"", ""ad hoc observation"", ""point count"", ""Penguins from space: faecal stains reveal the location of emperor penguin colonies, http://dx.doi.org/10.1111/j.1466-8238.2009.00467.x"", ""Takats et al. 2001. Guidelines for Nocturnal Owl Monitoring in North America. Beaverhill Bird Observatory and Bird Studies Canada, Edmonton, Alberta. 32 pp."", ""http://www.bsc-eoc.org/download/Owl.pdf""","Darwin Core","Sampling Protocol",,"recommended","2016-04-10","2016-04-10","samplingProtocol-2016-04-10"
"kenny","2016-04-10",,"samplingEffort","publish","samplingEffort","ethocore_term","http://rs.tdwg.org/dwc/terms/samplingEffort","Event","The amount of effort expended during an Event.","Examples: ""40 trap-nights"", ""10 observer-hours; 10 km by foot; 30 km by car""","Darwin Core","Sampling Effort",,"recommended","2016-04-10","2016-04-10","samplingEffort-2016-04-10"
"kenny","2016-04-10",,"eventRemarks","publish","eventRemarks","ethocore_term","http://rs.tdwg.org/dwc/terms/eventRemarks","Event","Comments or notes about the Event.","Example: ""after the recent rains the river is nearly at flood stage""","Darwin Core","Event Remarks",,"recommended","2016-04-10","2016-04-10","eventRemarks-2016-04-10"
"kenny","2016-04-10",,"activityID","publish","activityID","ethocore_term","http://ethoinformatics.org/ethocore/activityID","Activity","An identifier for the Activity (some activity state scheduled or performed by a user). May be a global unique identifier or an identifier specific to the data set.",,"Ethogrammar","Activity ID",,"recommended","2016-04-10","2016-04-10","activityID-2016-04-10"
"kenny","2016-04-10",,"activityType","publish","activityType","ethocore_term","http://ethoinformatics.org/ethocore/activityType","Activity","The type of activity being scheduled or performed.","Examples: ""focal sample collection"", ""searching for animals"".","Ethogrammar","Activity Type",,"recommended","2016-04-10","2016-04-10","activityType-2016-04-10"
"kenny","2016-04-10",,"activityBy","publish","activityBy","ethocore_term","http://ethoinformatics.org/ethocore/activityBy","Activity","A list (concatenated and separated) of names of people, groups, or organizations who conducted the Activity.",,"Ethogrammar","Activity By",,"recommended","2016-04-10","2016-04-10","activityBy-2016-04-10"
"kenny","2016-04-10",,"activityRemarks","publish","activityRemarks","ethocore_term","http://ethoinformatics.org/ethocore/activityRemarks","Activity","Comments or notes about the Activity.",,"Ethogrammar","Activity Remarks",,"recommended","2016-04-10","2016-04-10","activityRemarks-2016-04-10"
"kenny","2016-04-10",,"locationID","publish","locationID","ethocore_term","http://rs.tdwg.org/dwc/terms/locationID","Location","An identifier for the set of location information (data associated with dcterms:Location). May be a global unique identifier or an identifier specific to the data set.",,"Darwin Core","Location ID",,"recommended","2016-04-10","2016-04-10","locationID-2016-04-10"
"kenny","2016-04-10",,"higherGeographyID","publish","higherGeographyID","ethocore_term","http://rs.tdwg.org/dwc/terms/higherGeographyID","Location","An identifier for the geographic region within which the Location occurred. Recommended best practice is to use an persistent identifier from a controlled vocabulary such as the Getty Thesaurus of Geographic Names.","Example: ""TGN: 1002002"" for Prov. Tierra del Fuego, Argentina","Darwin Core","Higher Geography ID",,"recommended","2016-04-10","2016-04-10","higherGeographyID-2016-04-10"
"kenny","2016-04-10",,"higherGeography","publish","higherGeography","ethocore_term","http://rs.tdwg.org/dwc/terms/higherGeography","Location","A list (concatenated and separated) of geographic names less specific than the information captured in the locality term.","Example: ""South America; Argentina; Patagonia; Parque Nacional Nahuel Huapi; Neuquén; Los Lagos"" with accompanying values ""South America"" in Continent, ""Argentina"" in Country, ""Neuquén"" in StateProvince, and Los Lagos in County.","Darwin Core","Higher Geography",,"recommended","2016-04-10","2016-04-10","higherGeography-2016-04-10"
"kenny","2016-04-10",,"continent","publish","continent","ethocore_term","http://rs.tdwg.org/dwc/terms/continent","Location","The name of the continent in which the Location occurs. Recommended best practice is to use a controlled vocabulary such as the Getty Thesaurus of Geographic Names.","Examples: ""Africa"", ""Antarctica"", ""Asia"", ""Europe"", ""North America"", ""Oceania"", ""South America""","Darwin Core","Continent",,"recommended","2016-04-10","2016-04-10","continent-2016-04-10"
"kenny","2016-04-10",,"islandGroup","publish","islandGroup","ethocore_term","http://rs.tdwg.org/dwc/terms/islandGroup","Location","The name of the island group in which the Location occurs. Recommended best practice is to use a controlled vocabulary such as the Getty Thesaurus of Geographic Names.","Examples: ""Alexander Archipelago"", ""Seychelles""","Darwin Core","Island Group",,"recommended","2016-04-10","2016-04-10","islandGroup-2016-04-10"
"kenny","2016-04-10",,"island","publish","island","ethocore_term","http://rs.tdwg.org/dwc/terms/island","Location","The name of the island on or near which the Location occurs. Recommended best practice is to use a controlled vocabulary such as the Getty Thesaurus of Geographic Names.","Examples: ""Isla Victoria"", ""Vancouver"", ""Viti Levu"", ""Zanzibar""","Darwin Core","Island",,"recommended","2016-04-10","2016-04-10","island-2016-04-10"
"kenny","2016-04-10",,"country","publish","country","ethocore_term","http://rs.tdwg.org/dwc/terms/country","Location","The name of the country or major administrative unit in which the Location occurs. Recommended best practice is to use a controlled vocabulary such as the Getty Thesaurus of Geographic Names.","Examples: ""Denmark"", ""Colombia"", ""España""","Darwin Core","Country",,"recommended","2016-04-10","2016-04-10","country-2016-04-10"
"kenny","2016-04-10",,"countryCode","publish","countryCode","ethocore_term","http://rs.tdwg.org/dwc/terms/countryCode","Location","The standard code for the country in which the Location occurs. Recommended best practice is to use ISO 3166-1-alpha-2 country codes.","Examples: ""AR"" for Argentina, ""SV"" for El Salvador","Darwin Core","Country Code",,"recommended","2016-04-10","2016-04-10","countryCode-2016-04-10"
"kenny","2016-04-10",,"stateProvince","publish","stateProvince","ethocore_term","http://rs.tdwg.org/dwc/terms/stateProvince","Location","The name of the next smaller administrative region than country (state, province, canton, department, region, etc.) in which the Location occurs.","Examples: ""Montana"", ""Minas Gerais"", ""Córdoba""","Darwin Core","State Province",,"recommended","2016-04-10","2016-04-10","stateProvince-2016-04-10"
"kenny","2016-04-10",,"county","publish","county","ethocore_term","http://rs.tdwg.org/dwc/terms/county","Location","The full, unabbreviated name of the next smaller administrative region than stateProvince (county, shire, department, etc.) in which the Location occurs.","Examples: ""Missoula"", ""Los Lagos"", ""Mataró""","Darwin Core","County",,"recommended","2016-04-10","2016-04-10","county-2016-04-10"
"kenny","2016-04-10",,"municipality","publish","municipality","ethocore_term","http://rs.tdwg.org/dwc/terms/municipality","Location","The full, unabbreviated name of the next smaller administrative region than county (city, municipality, etc.) in which the Location occurs. Do not use this term for a nearby named place that does not contain the actual location.","Examples: ""Holzminden""","Darwin Core","Municipality",,"recommended","2016-04-10","2016-04-10","municipality-2016-04-10"
"kenny","2016-04-10",,"locality","publish","locality","ethocore_term","http://rs.tdwg.org/dwc/terms/locality","Location","The specific description of the place. Less specific geographic information can be provided in other geographic terms (higherGeography, continent, country, stateProvince, county, municipality, waterBody, island, islandGroup). This term may contain information modified from the original to correct perceived errors or standardize the description.","Example: ""Bariloche, 25 km NNE via Ruta Nacional 40 (=Ruta 237)""","Darwin Core","Locality",,"recommended","2016-04-10","2016-04-10","locality-2016-04-10"
"kenny","2016-04-10",,"verbatimLocality","publish","verbatimLocality","ethocore_term","http://rs.tdwg.org/dwc/terms/verbatimLocality","Location","The original textual description of the place.","Example: ""25 km NNE Bariloche por R. Nac. 237""","Darwin Core","Verbatim Locality",,"recommended","2016-04-10","2016-04-10","verbatimLocality-2016-04-10"
"kenny","2016-04-10",,"minimumElevationInMeters","publish","minimumElevationInMeters","ethocore_term","http://rs.tdwg.org/dwc/terms/minimumElevationInMeters","Location","The lower limit of the range of elevation (altitude, usually above sea level), in meters.","Example: ""100""","Darwin Core","Minimum Elevation In Meters",,"recommended","2016-04-10","2016-04-10","minimumElevationInMeters-2016-04-10"
"kenny","2016-04-10",,"maximumElevationInMeters","publish","maximumElevationInMeters","ethocore_term","http://rs.tdwg.org/dwc/terms/maximumElevationInMeters","Location","The upper limit of the range of elevation (altitude, usually above sea level), in meters.","Example: ""200""","Darwin Core","Maximum Elevation In Meters",,"recommended","2016-04-10","2016-04-10","maximumElevationInMeters-2016-04-10"
"kenny","2016-04-10",,"verbatimElevation","publish","verbatimElevation","ethocore_term","http://rs.tdwg.org/dwc/terms/verbatimElevation","Location","The original description of the elevation (altitude, usually above sea level) of the Location.","Example: ""100-200 m""","Darwin Core","Verbatim Elevation",,"recommended","2016-04-10","2016-04-10","verbatimElevation-2016-04-10"
"kenny","2016-04-10",,"verbatimDepth","publish","verbatimDepth","ethocore_term","http://rs.tdwg.org/dwc/terms/verbatimDepth","Location","The original description of the depth below the local surface.","Example: ""100-200 m""","Darwin Core","Verbatim Depth",,"recommended","2016-04-10","2016-04-10","verbatimDepth-2016-04-10"
"kenny","2016-04-10",,"locationAccordingTo","publish","locationAccordingTo","ethocore_term","http://rs.tdwg.org/dwc/terms/locationAccordingTo","Location","Information about the source of this Location information. Could be a publication (gazetteer), institution, or team of individuals.","Examples: ""Getty Thesaurus of Geographic Names"", ""GADM""","Darwin Core","Location According To",,"recommended","2016-04-10","2016-04-10","locationAccordingTo-2016-04-10"
"kenny","2016-04-10",,"locationRemarks","publish","locationRemarks","ethocore_term","http://rs.tdwg.org/dwc/terms/locationRemarks","Location","Comments or notes about the Location.","Example: ""under water since 2005""","Darwin Core","Location Remarks",,"recommended","2016-04-10","2016-04-10","locationRemarks-2016-04-10"
"kenny","2016-04-10",,"decimalLatitude","publish","decimalLatitude","ethocore_term","http://rs.tdwg.org/dwc/terms/decimalLatitude","Location","The geographic latitude (in decimal degrees, using the spatial reference system given in geodeticDatum) of the geographic center of a Location. Positive values are north of the Equator, negative values are south of it. Legal values lie between -90 and 90, inclusive.","Example: ""-41.0983423""","Darwin Core","Decimal Latitude",,"recommended","2016-04-10","2016-04-10","decimalLatitude-2016-04-10"
"kenny","2016-04-10",,"decimalLongitude","publish","decimalLongitude","ethocore_term","http://rs.tdwg.org/dwc/terms/decimalLongitude","Location","The geographic longitude (in decimal degrees, using the spatial reference system given in geodeticDatum) of the geographic center of a Location. Positive values are east of the Greenwich Meridian, negative values are west of it. Legal values lie between -180 and 180, inclusive.","Example: ""-121.1761111""","Darwin Core","Decimal Longitude",,"recommended","2016-04-10","2016-04-10","decimalLongitude-2016-04-10"
"kenny","2016-04-10",,"geodeticDatum","publish","geodeticDatum","ethocore_term","http://rs.tdwg.org/dwc/terms/geodeticDatum","Location","The ellipsoid, geodetic datum, or spatial reference system (SRS) upon which the geographic coordinates given in decimalLatitude and decimalLongitude as based. Recommended best practice is use the EPSG code as a controlled vocabulary to provide an SRS, if known. Otherwise use a controlled vocabulary for the name or code of the geodetic datum, if known. Otherwise use a controlled vocabulary for the name or code of the ellipsoid, if known. If none of these is known, use the value ""unknown"".","Examples: ""EPSG:4326"", ""WGS84"", ""NAD27"", ""Campo Inchauspe"", ""European 1950"", ""Clarke 1866""","Darwin Core","Geodetic Datum",,"recommended","2016-04-10","2016-04-10","geodeticDatum-2016-04-10"
"kenny","2016-04-10",,"coordinateUncertaintyInMeters","publish","coordinateUncertaintyInMeters","ethocore_term","http://rs.tdwg.org/dwc/terms/coordinateUncertaintyInMeters","Location","The horizontal distance (in meters) from the given decimalLatitude and decimalLongitude describing the smallest circle containing the whole of the Location. Leave the value empty if the uncertainty is unknown, cannot be estimated, or is not applicable (because there are no coordinates). Zero is not a valid value for this term.","Examples: ""30"" (reasonable lower limit of a GPS reading under good conditions if the actual precision was not recorded at the time), ""71"" (uncertainty for a UTM coordinate having 100 meter precision and a known spatial reference system).","Darwin Core","Coordinate Uncertainty In Meters",,"recommended","2016-04-10","2016-04-10","coordinateUncertaintyInMeters-2016-04-10"
"kenny","2016-04-10",,"coordinatePrecision","publish","coordinatePrecision","ethocore_term","http://rs.tdwg.org/dwc/terms/coordinatePrecision","Location","A decimal representation of the precision of the coordinates given in the decimalLatitude and decimalLongitude.","Examples: ""0.00001"" (normal GPS limit for decimal degrees), ""0.000278"" (nearest second), ""0.01667"" (nearest minute), ""1.0"" (nearest degree)","Darwin Core","Coordinate Precision",,"recommended","2016-04-10","2016-04-10","coordinatePrecision-2016-04-10"
"kenny","2016-04-10",,"pointRadiusSpatialFit","publish","pointRadiusSpatialFit","ethocore_term","http://rs.tdwg.org/dwc/terms/pointRadiusSpatialFit","Location","The ratio of the area of the point-radius (decimalLatitude, decimalLongitude, coordinateUncertaintyInMeters) to the area of the true (original, or most specific) spatial representation of the Location. Legal values are 0, greater than or equal to 1, or undefined. A value of 1 is an exact match or 100% overlap. A value of 0 should be used if the given point-radius does not completely contain the original representation. The pointRadiusSpatialFit is undefined (and should be left blank) if the original representation is a point without uncertainty and the given georeference is not that same point (without uncertainty). If both the original and the given georeference are the same point, the pointRadiusSpatialFit is 1.","Detailed explanations with graphical examples can be found in the ""Guide to Best Practices for Georeferencing"", Chapman and Wieczorek, eds. 2006 (http://www.gbif.org/prog/digit/Georeferencing).","Darwin Core","Point Radius Spatial Fit",,"recommended","2016-04-10","2016-04-10","pointRadiusSpatialFit-2016-04-10"
"kenny","2016-04-10",,"verbatimCoordinates","publish","verbatimCoordinates","ethocore_term","http://rs.tdwg.org/dwc/terms/verbatimCoordinates","Location","The verbatim original spatial coordinates of the Location. The coordinate ellipsoid, geodeticDatum, or full Spatial Reference System (SRS) for these coordinates should be stored in verbatimSRS and the coordinate system should be stored in verbatimCoordinateSystem.","Examples: ""41 05 54S 121 05 34W"", ""17T 630000 4833400""","Darwin Core","Verbatim Coordinates",,"recommended","2016-04-10","2016-04-10","verbatimCoordinates-2016-04-10"
"kenny","2016-04-10",,"verbatimLatitude","publish","verbatimLatitude","ethocore_term","http://rs.tdwg.org/dwc/terms/verbatimLatitude","Location","The verbatim original latitude of the Location. The coordinate ellipsoid, geodeticDatum, or full Spatial Reference System (SRS) for these coordinates should be stored in verbatimSRS and the coordinate system should be stored in verbatimCoordinateSystem.","Example: ""41 05 54.03S""","Darwin Core","Verbatim Latitude",,"recommended","2016-04-10","2016-04-10","verbatimLatitude-2016-04-10"
"kenny","2016-04-10",,"verbatimLongitude","publish","verbatimLongitude","ethocore_term","http://rs.tdwg.org/dwc/terms/verbatimLongitude","Location","The verbatim original longitude of the Location. The coordinate ellipsoid, geodeticDatum, or full Spatial Reference System (SRS) for these coordinates should be stored in verbatimSRS and the coordinate system should be stored in verbatimCoordinateSystem.","Example: ""121d 10' 34"" W""","Darwin Core","Verbatim Longitude",,"recommended","2016-04-10","2016-04-10","verbatimLongitude-2016-04-10"
"kenny","2016-04-10",,"verbatimCoordinateSystem","publish","verbatimCoordinateSystem","ethocore_term","http://rs.tdwg.org/dwc/terms/verbatimCoordinateSystem","Location","The spatial coordinate system for the verbatimLatitude and verbatimLongitude or the verbatimCoordinates of the Location. Recommended best practice is to use a controlled vocabulary.","Examples: ""decimal degrees"", ""degrees decimal minutes"", ""degrees minutes seconds"", ""UTM""","Darwin Core","Verbatim Coordinate System",,"recommended","2016-04-10","2016-04-10","verbatimCoordinateSystem-2016-04-10"
"kenny","2016-04-10",,"verbatimSRS","publish","verbatimSRS","ethocore_term","http://rs.tdwg.org/dwc/terms/verbatimSRS","Location","The ellipsoid, geodetic datum, or spatial reference system (SRS) upon which coordinates given in verbatimLatitude and verbatimLongitude, or verbatimCoordinates are based. Recommended best practice is use the EPSG code as a controlled vocabulary to provide an SRS, if known. Otherwise use a controlled vocabulary for the name or code of the geodetic datum, if known. Otherwise use a controlled vocabulary for the name or code of the ellipsoid, if known. If none of these is known, use the value ""unknown"".","Examples: ""EPSG:4326"", ""WGS84"", ""NAD27"", ""Campo Inchauspe"", ""European 1950"", ""Clarke 1866""","Darwin Core","Verbatim SRS",,"recommended","2016-04-10","2016-04-10","verbatimSRS-2016-04-10"
"kenny","2016-04-10",,"footprintSRS","publish","footprintSRS","ethocore_term","http://rs.tdwg.org/dwc/terms/footprintSRS","Location","A representation of the Spatial Reference System (SRS) for the footprint of the Location. Do not use this term to describe the SRS of the decimalLatitude and decimalLongitude, even if it is the same as for the footprint - use the geodeticDatum instead.","Example: The WKT for the standard WGS84 SRS (EPSG:4326) is ""GEOGCS[""GCS_WGS_1984"",DATUM[""D_WGS_1984"",SPHEROID[""WGS_1984"",6378137,298.257223563]],PRIMEM[""Greenwich"",0],UNIT[""Degree"",0.0174532925199433]]"" without the enclosing quotes.","Darwin Core","Footprint SRS",,"recommended","2016-04-10","2016-04-10","footprintSRS-2016-04-10"
"kenny","2016-04-10",,"footprintSpatialFit","publish","footprintSpatialFit","ethocore_term","http://rs.tdwg.org/dwc/terms/footprintSpatialFit","Location","The ratio of the area of the footprint (footprintWKT) to the area of the true (original, or most specific) spatial representation of the Location. Legal values are 0, greater than or equal to 1, or undefined. A value of 1 is an exact match or 100% overlap. A value of 0 should be used if the given footprint does not completely contain the original representation. The footprintSpatialFit is undefined (and should be left blank) if the original representation is a point and the given georeference is not that same point. If both the original and the given georeference are the same point, the footprintSpatialFit is 1.","Detailed explanations with graphical examples can be found in the ""Guide to Best Practices for Georeferencing"", Chapman and Wieczorek, eds. 2006 (http://www.gbif.org/prog/digit/Georeferencing).","Darwin Core","Footprint Spatial Fit",,"recommended","2016-04-10","2016-04-10","footprintSpatialFit-2016-04-10"
"kenny","2016-04-10",,"georeferencedBy","publish","georeferencedBy","ethocore_term","http://rs.tdwg.org/dwc/terms/georeferencedBy","Location","A list (concatenated and separated) of names of people, groups, or organizations who determined the georeference (spatial representation) for the Location.","Examples: ""Kristina Yamamoto (MVZ); Janet Fang (MVZ)"", ""Brad Millen (ROM)""","Darwin Core","Georeferenced By",,"recommended","2016-04-10","2016-04-10","georeferencedBy-2016-04-10"
"kenny","2016-04-10",,"georeferencedDate","publish","georeferencedDate","ethocore_term","http://rs.tdwg.org/dwc/terms/georeferencedDate","Location","The date on which the Location was georeferenced. Recommended best practice is to use an encoding scheme, such as ISO 8601:2004(E).","Examples: ""1963-03-08T14:07-0600"" is 8 Mar 1963 2:07pm in the time zone six hours earlier than UTC, ""2009-02-20T08:40Z"" is 20 Feb 2009 8:40am UTC, ""1809-02-12"" is 12 Feb 1809, ""1906-06"" is Jun 1906, ""1971"" is just that year, ""2007-03-01T13:00:00Z/2008-05-11T15:30:00Z"" is the interval between 1 Mar 2007 1pm UTC and 11 May 2008 3:30pm UTC, ""2007-11-13/15"" is the interval between 13 Nov 2007 and 15 Nov 2007.","Darwin Core","Georeferenced Date",,"recommended","2016-04-10","2016-04-10","georeferencedDate-2016-04-10"
"kenny","2016-04-10",,"georeferenceProtocol","publish","georeferenceProtocol","ethocore_term","http://rs.tdwg.org/dwc/terms/georeferenceProtocol","Location","A description or reference to the methods used to determine the spatial footprint, coordinates, and uncertainties.","Examples: ""Guide to Best Practices for Georeferencing"" (Chapman and Wieczorek, eds. 2006), Global Biodiversity Information Facility."", ""MaNIS/HerpNet/ORNIS Georeferencing Guidelines"", ""Georeferencing Quick Reference Guide""","Darwin Core","Georeference Protocol",,"recommended","2016-04-10","2016-04-10","georeferenceProtocol-2016-04-10"
"kenny","2016-04-10",,"georeferenceSources","publish","georeferenceSources","ethocore_term","http://rs.tdwg.org/dwc/terms/georeferenceSources","Location","A list (concatenated and separated) of maps, gazetteers, or other resources used to georeference the Location, described specifically enough to allow anyone in the future to use the same resources.","Examples: ""USGS 1:24000 Florence Montana Quad; Terrametrics 2008 on Google Earth""","Darwin Core","Georeference Sources",,"recommended","2016-04-10","2016-04-10","georeferenceSources-2016-04-10"
"kenny","2016-04-10",,"georeferenceVerificationStatus","publish","georeferenceVerificationStatus","ethocore_term","http://rs.tdwg.org/dwc/terms/georeferenceVerificationStatus","Location","A categorical description of the extent to which the georeference has been verified to represent the best possible spatial description. Recommended best practice is to use a controlled vocabulary.","Examples: ""requires verification"", ""verified by collector"", ""verified by curator"".","Darwin Core","Georeference Verification Status",,"recommended","2016-04-10","2016-04-10","georeferenceVerificationStatus-2016-04-10"
"kenny","2016-04-10",,"georeferenceRemarks","publish","georeferenceRemarks","ethocore_term","http://rs.tdwg.org/dwc/terms/georeferenceRemarks","Location","Notes or comments about the spatial description determination, explaining assumptions made in addition or opposition to the those formalized in the method referred to in georeferenceProtocol.","Example: ""assumed distance by road (Hwy. 101)""","Darwin Core","Georeference Remarks",,"recommended","2016-04-10","2016-04-10","georeferenceRemarks-2016-04-10"
"kenny","2016-04-10",,"locationName","publish","locationName","ethocore_term","http://ethoinformatics.org/ethocore/locationName","Location","The alias, colloquial, or shorthand name for the Location.",,"Ethogrammar","Location Name",,"recommended","2016-04-10","2016-04-10","locationName-2016-04-10"
"kenny","2016-04-10",,"utmX","publish","utmX","ethocore_term","http://ethoinformatics.org/ethocore/utmX","Location","The geographic easting (in meters) of the geographic center of a Location. Should be accompanied by the spatial reference system ""UTM"" given by the geodeticDatum).",,"Ethogrammar","UTM X",,"recommended","2016-04-10","2016-04-10","utmX-2016-04-10"
"kenny","2016-04-10",,"utmY","publish","utmY","ethocore_term","http://ethoinformatics.org/ethocore/utmY","Location","The geographic northing (in meters) of the geographic center of a Location. Should be accompanied by the spatial reference system ""UTM"" given by the geodeticDatum).",,"Ethogrammar","UTM Y",,"recommended","2016-04-10","2016-04-10","utmY-2016-04-10"
"kenny","2016-04-10",,"utmZone","publish","utmZone","ethocore_term","http://ethoinformatics.org/ethocore/utmZone","Location","The UTM zone upon which the geographic coordinates given in utmX and utmY are based. Recommended best practice is to specify the hemisphere by appending ""North"" for the northern hemisphere or ""South"" for the southern hemisphere, or to specify the latitude band.",,"Ethogrammar","UTM Zone",,"recommended","2016-04-10","2016-04-10","utmZone-2016-04-10"
"kenny","2016-04-10",,"footprint","publish","footprint","ethocore_term","http://ethoinformatics.org/ethocore/footprint","Location","A representation of the shape (footprint, geometry) that defines the Location. A Location may have both a point-radius representation (see decimalLatitude) and a footprint representation, and they may differ from each other.","Example: the one-degree bounding box with opposite corners at (longitude=10, latitude=20) and (longitude=11, latitude=21) would be expressed in well-known text as POLYGON ((10 20, 11 20, 11 21, 10 21, 10 20))","Ethogrammar","Footprint","http://rs.tdwg.org/dwc/terms/footprintWKT","recommended","2016-04-10","2016-04-10","footprint-2016-04-10"
"kenny","2016-04-10",,"nmeaSentence","publish","nmeaSentence","ethocore_term","http://ethoinformatics.org/ethocore/nmeaSentence","Location","The NMEA sentence associated with the Location. The value should be expressed as a full NMEA sentence with the encoding (e.g., NMEA 0183) specified.",,"Ethogrammar","Nmea Sentence",,"recommended","2016-04-10","2016-04-10","nmeaSentence-2016-04-10"
"kenny","2016-04-10",,"identificationID","publish","identificationID","ethocore_term","http://rs.tdwg.org/dwc/terms/identificationID","Identification","An identifier for the Identification (the body of information associated with the assignment of a scientific name). May be a global unique identifier or an identifier specific to the data set.",,"Darwin Core","Identification ID",,"recommended","2016-04-10","2016-04-10","identificationID-2016-04-10"
"kenny","2016-04-10",,"identificationQualifier","publish","identificationQualifier","ethocore_term","http://rs.tdwg.org/dwc/terms/identificationQualifier","Identification","A brief phrase or a standard term (""cf."", ""aff."") to express the determiner's doubts about the Identification.","Examples: 1) For the determination ""Quercus aff. agrifolia var. oxyadenia"", identificationQualifier would be ""aff. agrifolia var. oxyadenia"" with accompanying values ""Quercus"" in genus, ""agrifolia"" in specificEpithet, ""oxyadenia"" in infraspecificEpithet, and ""var."" in rank. 2) For the determination ""Quercus agrifolia cf. var. oxyadenia"", identificationQualifier would be ""cf. var. oxyadenia "" with accompanying values ""Quercus"" in genus, ""agrifolia"" in specificEpithet, ""oxyadenia"" in infraspecificEpithet, and ""var."" in rank.","Darwin Core","Identification Qualifier",,"recommended","2016-04-10","2016-04-10","identificationQualifier-2016-04-10"
"kenny","2016-04-10",,"typeStatus","publish","typeStatus","ethocore_term","http://rs.tdwg.org/dwc/terms/typeStatus","Identification","A list (concatenated and separated) of nomenclatural types (type status, typified scientific name, publication) applied to the subject.","The recommended best practice is to separate the values with a vertical bar (' | '). Examples: ""holotype of Ctenomys sociabilis. Pearson O. P., and M. I. Christie. 1985. Historia Natural, 5(37):388"", ""holotype of Pinus abies | holotype of Picea abies"".","Darwin Core","Type Status",,"recommended","2016-04-10","2016-04-10","typeStatus-2016-04-10"
"kenny","2016-04-10",,"identifiedBy","publish","identifiedBy","ethocore_term","http://rs.tdwg.org/dwc/terms/identifiedBy","Identification","A list (concatenated and separated) of names of people, groups, or organizations who assigned the Taxon to the subject.","The recommended best practice is to separate the values with a vertical bar (' | '). Examples: ""James L. Patton"", ""Theodore Pappenfuss | Robert Macey"".","Darwin Core","Identified By",,"recommended","2016-04-10","2016-04-10","identifiedBy-2016-04-10"
"kenny","2016-04-10",,"dateIdentified","publish","dateIdentified","ethocore_term","http://rs.tdwg.org/dwc/terms/dateIdentified","Identification","The date on which the subject was identified as representing the Taxon. Recommended best practice is to use an encoding scheme, such as ISO 8601:2004(E).","Examples: ""1963-03-08T14:07-0600"" is 8 Mar 1963 2:07pm in the time zone six hours earlier than UTC, ""2009-02-20T08:40Z"" is 20 Feb 2009 8:40am UTC, ""1809-02-12"" is 12 Feb 1809, ""1906-06"" is Jun 1906, ""1971"" is just that year, ""2007-03-01T13:00:00Z/2008-05-11T15:30:00Z"" is the interval between 1 Mar 2007 1pm UTC and 11 May 2008 3:30pm UTC, ""2007-11-13/15"" is the interval between 13 Nov 2007 and 15 Nov 2007.","Darwin Core","Date Identified",,"recommended","2016-04-10","2016-04-10","dateIdentified-2016-04-10"
"kenny","2016-04-10",,"identificationReferences","publish","identificationReferences","ethocore_term","http://rs.tdwg.org/dwc/terms/identificationReferences","Identification","A list (concatenated and separated) of references (publication, global unique identifier, URI) used in the Identification.","The recommended best practice is to separate the values with a vertical bar (' | '). Examples: ""Aves del Noroeste Patagonico. Christie et al. 2004."", ""Stebbins, R. Field Guide to Western Reptiles and Amphibians. 3rd Edition. 2003. | Irschick, D.J. and Shaffer, H.B. (1997). ''The polytypic species revisited: Morphological differentiation among tiger salamanders (Ambystoma tigrinum) (Amphibia: Caudata).'' Herpetologica, 53(1), 30-49."".","Darwin Core","Identification References",,"recommended","2016-04-10","2016-04-10","identificationReferences-2016-04-10"
"kenny","2016-04-10",,"identificationVerificationStatus","publish","identificationVerificationStatus","ethocore_term","http://rs.tdwg.org/dwc/terms/identificationVerificationStatus","Identification","A categorical indicator of the extent to which the taxonomic identification has been verified to be correct. Recommended best practice is to use a controlled vocabulary such as that used in HISPID/ABCD.","Examples: ""0"", ""4"".","Darwin Core","Identification Verification Status",,"recommended","2016-04-10","2016-04-10","identificationVerificationStatus-2016-04-10"
"kenny","2016-04-10",,"identificationRemarks","publish","identificationRemarks","ethocore_term","http://rs.tdwg.org/dwc/terms/identificationRemarks","Identification","Comments or notes about the Identification.","Example: ""Distinguished between Anthus correndera and Anthus hellmayri based on the comparative lengths of the uñas."".","Darwin Core","Identification Remarks",,"recommended","2016-04-10","2016-04-10","identificationRemarks-2016-04-10"
"kenny","2016-04-10",,"taxonID","publish","taxonID","ethocore_term","http://rs.tdwg.org/dwc/terms/taxonID","Taxon","An identifier for the set of taxon information (data associated with the Taxon class). May be a global unique identifier or an identifier specific to the data set.","Examples: ""8fa58e08-08de-4ac1-b69c-1235340b7001"", ""32567"", ""http://species.gbif.org/abies_alba_1753"", ""urn:lsid:gbif.org:usages:32567""","Darwin Core","Taxon ID",,"recommended","2016-04-10","2016-04-10","taxonID-2016-04-10"
"kenny","2016-04-10",,"scientificNameID","publish","scientificNameID","ethocore_term","http://rs.tdwg.org/dwc/terms/scientificNameID","Taxon","An identifier for the nomenclatural (not taxonomic) details of a scientific name.","Example: ""urn:lsid:ipni.org:names:37829-1:1.3""","Darwin Core","Scientific Name ID",,"recommended","2016-04-10","2016-04-10","scientificNameID-2016-04-10"
"kenny","2016-04-10",,"acceptedNameUsageID","publish","acceptedNameUsageID","ethocore_term","http://rs.tdwg.org/dwc/terms/acceptedNameUsageID","Taxon","An identifier for the name usage (documented meaning of the name according to a source) of the currently valid (zoological) or accepted (botanical) taxon.","Example: ""8fa58e08-08de-4ac1-b69c-1235340b7001""","Darwin Core","Accepted Name Usage ID",,"recommended","2016-04-10","2016-04-10","acceptedNameUsageID-2016-04-10"
"kenny","2016-04-10",,"parentNameUsageID","publish","parentNameUsageID","ethocore_term","http://rs.tdwg.org/dwc/terms/parentNameUsageID","Taxon","An identifier for the name usage (documented meaning of the name according to a source) of the direct, most proximate higher-rank parent taxon (in a classification) of the most specific element of the scientificName.","Example: ""8fa58e08-08de-4ac1-b69c-1235340b7001""","Darwin Core","Parent Name Usage ID",,"recommended","2016-04-10","2016-04-10","parentNameUsageID-2016-04-10"
"kenny","2016-04-10",,"originalNameUsageID","publish","originalNameUsageID","ethocore_term","http://rs.tdwg.org/dwc/terms/originalNameUsageID","Taxon","An identifier for the name usage (documented meaning of the name according to a source) in which the terminal element of the scientificName was originally established under the rules of the associated nomenclaturalCode.","Example: ""http://species.gbif.org/abies_alba_1753""","Darwin Core","Original Name Usage ID",,"recommended","2016-04-10","2016-04-10","originalNameUsageID-2016-04-10"
"kenny","2016-04-10",,"nameAccordingToID","publish","nameAccordingToID","ethocore_term","http://rs.tdwg.org/dwc/terms/nameAccordingToID","Taxon","An identifier for the source in which the specific taxon concept circumscription is defined or implied. See nameAccordingTo.","Example: ""doi:10.1016/S0269-915X(97)80026-2""","Darwin Core","Name According To ID",,"recommended","2016-04-10","2016-04-10","nameAccordingToID-2016-04-10"
"kenny","2016-04-10",,"namePublishedInID","publish","namePublishedInID","ethocore_term","http://rs.tdwg.org/dwc/terms/namePublishedInID","Taxon","An identifier for the publication in which the scientificName was originally established under the rules of the associated nomenclaturalCode.","Example: ""http://hdl.handle.net/10199/7""","Darwin Core","Name Published In ID",,"recommended","2016-04-10","2016-04-10","namePublishedInID-2016-04-10"
"kenny","2016-04-10",,"taxonConceptID","publish","taxonConceptID","ethocore_term","http://rs.tdwg.org/dwc/terms/taxonConceptID","Taxon","An identifier for the taxonomic concept to which the record refers - not for the nomenclatural details of a taxon.","Example: ""8fa58e08-08de-4ac1-b69c-1235340b7001""","Darwin Core","Taxon Concept ID",,"recommended","2016-04-10","2016-04-10","taxonConceptID-2016-04-10"
"kenny","2016-04-10",,"scientificName","publish","scientificName","ethocore_term","http://rs.tdwg.org/dwc/terms/scientificName","Taxon","The full scientific name, with authorship and date information if known. When forming part of an Identification, this should be the name in lowest level taxonomic rank that can be determined. This term should not contain identification qualifications, which should instead be supplied in the IdentificationQualifier term.","Examples: ""Coleoptera"" (order), ""Vespertilionidae"" (family), ""Manis"" (genus), ""Ctenomys sociabilis"" (genus + specificEpithet), ""Ambystoma tigrinum diaboli"" (genus + specificEpithet + infraspecificEpithet), ""Roptrocerus typographi (Györfi, 1952)"" (genus + specificEpithet + scientificNameAuthorship), ""Quercus agrifolia var. oxyadenia (Torr.) J.T. Howell"" (genus + specificEpithet + taxonRank + infraspecificEpithet + scientificNameAuthorship)","Darwin Core","Scientific Name",,"recommended","2016-04-10","2016-04-10","scientificName-2016-04-10"
"kenny","2016-04-10",,"acceptedNameUsage","publish","acceptedNameUsage","ethocore_term","http://rs.tdwg.org/dwc/terms/acceptedNameUsage","Taxon","The full name, with authorship and date information if known, of the currently valid (zoological) or accepted (botanical) taxon.","Example: ""Tamias minimus"" valid name for ""Eutamias minimus""","Darwin Core","Accepted Name Usage",,"recommended","2016-04-10","2016-04-10","acceptedNameUsage-2016-04-10"
"kenny","2016-04-10",,"parentNameUsage","publish","parentNameUsage","ethocore_term","http://rs.tdwg.org/dwc/terms/parentNameUsage","Taxon","The full name, with authorship and date information if known, of the direct, most proximate higher-rank parent taxon (in a classification) of the most specific element of the scientificName.","Examples: ""Rubiaceae"", ""Gruiformes"", ""Testudinae""","Darwin Core","Parent Name Usage",,"recommended","2016-04-10","2016-04-10","parentNameUsage-2016-04-10"
"kenny","2016-04-10",,"originalNameUsage","publish","originalNameUsage","ethocore_term","http://rs.tdwg.org/dwc/terms/originalNameUsage","Taxon","The taxon name, with authorship and date information if known, as it originally appeared when first established under the rules of the associated nomenclaturalCode. The basionym (botany) or basonym (bacteriology) of the scientificName or the senior/earlier homonym for replaced names.","Examples: ""Pinus abies"", ""Gasterosteus saltatrix Linnaeus 1768""","Darwin Core","Original Name Usage",,"recommended","2016-04-10","2016-04-10","originalNameUsage-2016-04-10"
"kenny","2016-04-10",,"nameAccordingTo","publish","nameAccordingTo","ethocore_term","http://rs.tdwg.org/dwc/terms/nameAccordingTo","Taxon","The reference to the source in which the specific taxon concept circumscription is defined or implied - traditionally signified by the Latin ""sensu"" or ""sec."" (from secundum, meaning ""according to""). For taxa that result from identifications, a reference to the keys, monographs, experts and other sources should be given.","Example: ""McCranie, J. R., D. B. Wake, and L. D. Wilson. 1996. The taxonomic status of Bolitoglossa schmidti, with comments on the biology of the Mesoamerican salamander Bolitoglossa dofleini (Caudata: Plethodontidae). Carib. J. Sci. 32:395-398."", ""Werner Greuter 2008"", ""Lilljeborg 1861, Upsala Univ. Arsskrift, Math. Naturvet., pp. 4, 5""","Darwin Core","Name According To",,"recommended","2016-04-10","2016-04-10","nameAccordingTo-2016-04-10"
"kenny","2016-04-10",,"namePublishedIn","publish","namePublishedIn","ethocore_term","http://rs.tdwg.org/dwc/terms/namePublishedIn","Taxon","A reference for the publication in which the scientificName was originally established under the rules of the associated nomenclaturalCode.","Examples: ""Pearson O. P., and M. I. Christie. 1985. Historia Natural, 5(37):388"", ""Forel, Auguste, Diagnosies provisoires de quelques espèces nouvelles de fourmis de Madagascar, récoltées par M. Grandidier., Annales de la Societe Entomologique de Belgique, Comptes-rendus des Seances 30, 1886""","Darwin Core","Name Published In",,"recommended","2016-04-10","2016-04-10","namePublishedIn-2016-04-10"
"kenny","2016-04-10",,"namePublishedInYear","publish","namePublishedInYear","ethocore_term","http://rs.tdwg.org/dwc/terms/namePublishedInYear","Taxon","The four-digit year in which the scientificName was published.","Examples: ""1915"", ""2008""","Darwin Core","Name Published In Year",,"recommended","2016-04-10","2016-04-10","namePublishedInYear-2016-04-10"
"kenny","2016-04-10",,"higherClassification","publish","higherClassification","ethocore_term","http://rs.tdwg.org/dwc/terms/higherClassification","Taxon","A list (concatenated and separated) of taxa names terminating at the rank immediately superior to the taxon referenced in the taxon record. Recommended best practice is to order the list starting with the highest rank and separating the names for each rank with a semi-colon ("";"").","Example: ""Animalia;Chordata;Vertebrata;Mammalia;Theria;Eutheria;Rodentia;Hystricognatha;Hystricognathi;Ctenomyidae;Ctenomyini;Ctenomys""","Darwin Core","Higher Classification",,"recommended","2016-04-10","2016-04-10","higherClassification-2016-04-10"
"kenny","2016-04-10",,"kingdom","publish","kingdom","ethocore_term","http://rs.tdwg.org/dwc/terms/kingdom","Taxon","The full scientific name of the kingdom in which the taxon is classified.","Examples: ""Animalia"", ""Plantae""","Darwin Core","Kingdom",,"recommended","2016-04-10","2016-04-10","kingdom-2016-04-10"
"kenny","2016-04-10",,"phylum","publish","phylum","ethocore_term","http://rs.tdwg.org/dwc/terms/phylum","Taxon","The full scientific name of the phylum or division in which the taxon is classified.","Examples: ""Chordata"" (phylum), ""Bryophyta"" (division)","Darwin Core","Phylum",,"recommended","2016-04-10","2016-04-10","phylum-2016-04-10"
"kenny","2016-04-10",,"class","publish","class","ethocore_term","http://rs.tdwg.org/dwc/terms/class","Taxon","The full scientific name of the class in which the taxon is classified.","Examples: ""Mammalia"", ""Hepaticopsida""","Darwin Core","Class",,"recommended","2016-04-10","2016-04-10","class-2016-04-10"
"kenny","2016-04-10",,"order","publish","order","ethocore_term","http://rs.tdwg.org/dwc/terms/order","Taxon","The full scientific name of the order in which the taxon is classified.","Examples: ""Carnivora"", ""Monocleales""","Darwin Core","Order",,"recommended","2016-04-10","2016-04-10","order-2016-04-10"
"kenny","2016-04-10",,"family","publish","family","ethocore_term","http://rs.tdwg.org/dwc/terms/family","Taxon","The full scientific name of the family in which the taxon is classified.","Examples: ""Felidae"", ""Monocleaceae""","Darwin Core","Family",,"recommended","2016-04-10","2016-04-10","family-2016-04-10"
"kenny","2016-04-10",,"genus","publish","genus","ethocore_term","http://rs.tdwg.org/dwc/terms/genus","Taxon","The full scientific name of the genus in which the taxon is classified.","Examples: ""Puma"", ""Monoclea""","Darwin Core","Genus",,"recommended","2016-04-10","2016-04-10","genus-2016-04-10"
"kenny","2016-04-10",,"subgenus","publish","subgenus","ethocore_term","http://rs.tdwg.org/dwc/terms/subgenus","Taxon","The full scientific name of the subgenus in which the taxon is classified. Values should include the genus to avoid homonym confusion.","Examples: ""Strobus (Pinus)"", ""Puma (Puma)"" ""Loligo (Amerigo)"", ""Hieracium subgen. Pilosella""","Darwin Core","Subgenus",,"recommended","2016-04-10","2016-04-10","subgenus-2016-04-10"
"kenny","2016-04-10",,"specificEpithet","publish","specificEpithet","ethocore_term","http://rs.tdwg.org/dwc/terms/specificEpithet","Taxon","The name of the first or species epithet of the scientificName.","Examples: ""concolor"", ""gottschei""","Darwin Core","Specific Epithet",,"recommended","2016-04-10","2016-04-10","specificEpithet-2016-04-10"
"kenny","2016-04-10",,"infraspecificEpithet","publish","infraspecificEpithet","ethocore_term","http://rs.tdwg.org/dwc/terms/infraspecificEpithet","Taxon","The name of the lowest or terminal infraspecific epithet of the scientificName, excluding any rank designation.","Examples: ""concolor"", ""oxyadenia"", ""sayi""","Darwin Core","Infraspecific Epithet",,"recommended","2016-04-10","2016-04-10","infraspecificEpithet-2016-04-10"
"kenny","2016-04-10",,"taxonRank","publish","taxonRank","ethocore_term","http://rs.tdwg.org/dwc/terms/taxonRank","Taxon","The taxonomic rank of the most specific name in the scientificName. Recommended best practice is to use a controlled vocabulary.","Examples: ""subspecies"", ""varietas"", ""forma"", ""species"", ""genus""","Darwin Core","Taxon Rank",,"recommended","2016-04-10","2016-04-10","taxonRank-2016-04-10"
"kenny","2016-04-10",,"verbatimTaxonRank","publish","verbatimTaxonRank","ethocore_term","http://rs.tdwg.org/dwc/terms/verbatimTaxonRank","Taxon","The taxonomic rank of the most specific name in the scientificName as it appears in the original record.","Examples: ""Agamospecies"", ""sub-lesus"", ""prole"", ""apomict"", ""nothogrex"", ""sp."", ""subsp."", ""var.""","Darwin Core","Verbatim Taxon Rank",,"recommended","2016-04-10","2016-04-10","verbatimTaxonRank-2016-04-10"
"kenny","2016-04-10",,"scientificNameAuthorship","publish","scientificNameAuthorship","ethocore_term","http://rs.tdwg.org/dwc/terms/scientificNameAuthorship","Taxon","The authorship information for the scientificName formatted according to the conventions of the applicable nomenclaturalCode.","Example: ""(Torr.) J.T. Howell"", ""(Martinovský) Tzvelev"", ""(Györfi, 1952)""","Darwin Core","Scientific Name Authorship",,"recommended","2016-04-10","2016-04-10","scientificNameAuthorship-2016-04-10"
"kenny","2016-04-10",,"vernacularName","publish","vernacularName","ethocore_term","http://rs.tdwg.org/dwc/terms/vernacularName","Taxon","A common or vernacular name.","Examples: ""Andean Condor"", ""Condor Andino"", ""American Eagle"", ""Gänsegeier""","Darwin Core","Vernacular Name",,"recommended","2016-04-10","2016-04-10","vernacularName-2016-04-10"
"kenny","2016-04-10",,"nomenclaturalCode","publish","nomenclaturalCode","ethocore_term","http://rs.tdwg.org/dwc/terms/nomenclaturalCode","Taxon","The nomenclatural code (or codes in the case of an ambiregnal name) under which the scientificName is constructed. Recommended best practice is to use a controlled vocabulary.","Examples: ""ICBN"", ""ICZN"", ""BC"", ""ICNCP"", ""BioCode"", ""ICZN; ICBN""","Darwin Core","Nomenclatural Code",,"recommended","2016-04-10","2016-04-10","nomenclaturalCode-2016-04-10"
"kenny","2016-04-10",,"taxonomicStatus","publish","taxonomicStatus","ethocore_term","http://rs.tdwg.org/dwc/terms/taxonomicStatus","Taxon","The status of the use of the scientificName as a label for a taxon. Requires taxonomic opinion to define the scope of a taxon. Rules of priority then are used to define the taxonomic status of the nomenclature contained in that scope, combined with the experts opinion. It must be linked to a specific taxonomic reference that defines the concept. Recommended best practice is to use a controlled vocabulary.","Examples: ""invalid"", ""misapplied"", ""homotypic synonym"", ""accepted""","Darwin Core","Taxonomic Status",,"recommended","2016-04-10","2016-04-10","taxonomicStatus-2016-04-10"
"kenny","2016-04-10",,"nomenclaturalStatus","publish","nomenclaturalStatus","ethocore_term","http://rs.tdwg.org/dwc/terms/nomenclaturalStatus","Taxon","The status related to the original publication of the name and its conformance to the relevant rules of nomenclature. It is based essentially on an algorithm according to the business rules of the code.  It requires no taxonomic opinion.","Examples: ""nom. ambig."", ""nom. illeg."", ""nom. subnud.""","Darwin Core","Nomenclatural Status",,"recommended","2016-04-10","2016-04-10","nomenclaturalStatus-2016-04-10"
"kenny","2016-04-10",,"taxonRemarks","publish","taxonRemarks","ethocore_term","http://rs.tdwg.org/dwc/terms/taxonRemarks","Taxon","Comments or notes about the taxon or name.","Example: ""this name is a misspelling in common use""","Darwin Core","Taxon Remarks",,"recommended","2016-04-10","2016-04-10","taxonRemarks-2016-04-10"
"kenny","2016-04-10",,"resourceRelationshipID","publish","resourceRelationshipID","ethocore_term","http://rs.tdwg.org/dwc/terms/resourceRelationshipID","ResourceRelationship","An identifier for an instance of relationship between one resource (the subject) and another (relatedResource, the object).",,"Darwin Core","Resource Relationship ID",,"recommended","2016-04-10","2016-04-10","resourceRelationshipID-2016-04-10"
"kenny","2016-04-10",,"resourceID","publish","resourceID","ethocore_term","http://rs.tdwg.org/dwc/terms/resourceID","ResourceRelationship","An identifier for the resource that is the subject of the relationship.",,"Darwin Core","Resource ID",,"recommended","2016-04-10","2016-04-10","resourceID-2016-04-10"
"kenny","2016-04-10",,"relatedResourceID","publish","relatedResourceID","ethocore_term","http://rs.tdwg.org/dwc/terms/relatedResourceID","ResourceRelationship","An identifier for a related resource (the object, rather than the subject of the relationship).",,"Darwin Core","Related Resource ID",,"recommended","2016-04-10","2016-04-10","relatedResourceID-2016-04-10"
"kenny","2016-04-10",,"relationshipOfResource","publish","relationshipOfResource","ethocore_term","http://rs.tdwg.org/dwc/terms/relationshipOfResource","ResourceRelationship","The relationship of the resource identified by relatedResourceID to the subject (optionally identified by the resourceID). Recommended best practice is to use a controlled vocabulary.","Examples: ""duplicate of"", ""mother of"", ""endoparasite of"", ""host to"", ""sibling of"", ""valid synonym of"", ""located within""","Darwin Core","Relationship of Resource",,"recommended","2016-04-10","2016-04-10","relationshipOfResource-2016-04-10"
"kenny","2016-04-10",,"relationshipAccordingTo","publish","relationshipAccordingTo","ethocore_term","http://rs.tdwg.org/dwc/terms/relationshipAccordingTo","ResourceRelationship","The source (person, organization, publication, reference) establishing the relationship between the two resources.","Example: ""Julie Woodruff""","Darwin Core","Relationship According To",,"recommended","2016-04-10","2016-04-10","relationshipAccordingTo-2016-04-10"
"kenny","2016-04-10",,"relationshipEstablishedDate","publish","relationshipEstablishedDate","ethocore_term","http://rs.tdwg.org/dwc/terms/relationshipEstablishedDate","ResourceRelationship","The date-time on which the relationship between the two resources was established. Recommended best practice is to use an encoding scheme, such as ISO 8601:2004(E).","Examples: ""1963-03-08T14:07-0600"" is 8 Mar 1963 2:07pm in the time zone six hours earlier than UTC, ""2009-02-20T08:40Z"" is 20 Feb 2009 8:40am UTC, ""1809-02-12"" is 12 Feb 1809, ""1906-06"" is Jun 1906, ""1971"" is just that year, ""2007-03-01T13:00:00Z/2008-05-11T15:30:00Z"" is the interval between 1 Mar 2007 1pm UTC and 11 May 2008 3:30pm UTC, ""2007-11-13/15"" is the interval between 13 Nov 2007 and 15 Nov 2007.","Darwin Core","Relationship Established Date",,"recommended","2016-04-10","2016-04-10","relationshipEstablishedDate-2016-04-10"
"kenny","2016-04-10",,"relationshipRemarks","publish","relationshipRemarks","ethocore_term","http://rs.tdwg.org/dwc/terms/relationshipRemarks","ResourceRelationship","Comments or notes about the relationship between the two resources.","Examples: ""mother and offspring collected from the same nest"", ""pollinator captured in the act""","Darwin Core","Relationship Remarks",,"recommended","2016-04-10","2016-04-10","relationshipRemarks-2016-04-10"
